{"val/loss": 1.3912020921707153, "val/acc": 0.875226616859436, "val/brier_score": 0.7470276951789856, "val/aleatoric_confidence": 0.1772719919681549, "val/epistemic_confidence": 0.020691238343715668, "val/acc_best": 0.875226616859436, "val/auc": 0.8353109955787659, "val/aleatoric_AUPRC": 0.8538311123847961, "val/aleatoric_AUROC": 0.8548377752304077, "val/epistemic_AUPRC": 0.8622621297836304, "val/epistemic_AUROC": 0.8838152885437012, "val/aleatoric_AUPRC_MacroAvg": 0.5248698592185974, "val/aleatoric_AUROC_MacroAvg": 0.7298535108566284, "val/epistemic_AUPRC_MacroAvg": 0.5304971262812614, "val/epistemic_AUROC_MacroAvg": 0.7652599513530731, "val/aleatoric_AUPRC_0": 0.8682389855384827, "val/aleatoric_AUROC_0": 0.9023685455322266, "val/epistemic_AUPRC_0": 0.8784414529800415, "val/epistemic_AUROC_0": 0.9289014935493469, "val/aleatoric_AUPRC_1": 0.18150073289871216, "val/aleatoric_AUROC_1": 0.5573384761810303, "val/epistemic_AUPRC_1": 0.18255279958248138, "val/epistemic_AUROC_1": 0.6016184091567993, "val/calibration_metric": 0.650649905204773, "epoch": 15, "trainer/global_step": 2207, "_timestamp": 1706750134.0787828, "_runtime": 2293.633820772171, "_step": 31, "train/loss": 1.1410326957702637, "train/acc": 0.9037184119224548, "train/brier_score": 0.6367650628089905, "train/aleatoric_confidence": 0.20062395930290222, "train/epistemic_confidence": 0.04986236244440079, "train/calibration_metric": -0.12747199833393097, "train/auc": 0.8696813583374023, "_wandb": {"runtime": 2311}}