{"val/loss": 1.180357575416565, "val/acc": 0.875226616859436, "val/brier_score": 0.6692900657653809, "val/aleatoric_confidence": 0.1901426613330841, "val/epistemic_confidence": 0.03703782707452774, "val/acc_best": 0.875226616859436, "val/auc": 0.8588032722473145, "val/aleatoric_AUPRC": 0.8671044111251831, "val/aleatoric_AUROC": 0.871745765209198, "val/epistemic_AUPRC": 0.8745639324188232, "val/epistemic_AUROC": 0.8977268934249878, "val/aleatoric_AUPRC_MacroAvg": 0.5311966985464096, "val/aleatoric_AUROC_MacroAvg": 0.7489131689071655, "val/epistemic_AUPRC_MacroAvg": 0.5378983095288277, "val/epistemic_AUROC_MacroAvg": 0.7956854403018951, "val/aleatoric_AUPRC_0": 0.8837826251983643, "val/aleatoric_AUROC_0": 0.9178407788276672, "val/epistemic_AUPRC_0": 0.8906698822975159, "val/epistemic_AUROC_0": 0.9360195994377136, "val/aleatoric_AUPRC_1": 0.17861077189445496, "val/aleatoric_AUROC_1": 0.5799855589866638, "val/epistemic_AUPRC_1": 0.18512673676013947, "val/epistemic_AUROC_1": 0.6553512811660767, "val/calibration_metric": 0.6576992273330688, "epoch": 19, "trainer/global_step": 2760, "_timestamp": 1706809557.8960633, "_runtime": 8395.676877260208, "_step": 40, "train/loss": 0.8368475437164307, "train/acc": 0.9037184119224548, "train/brier_score": 0.4928903579711914, "train/aleatoric_confidence": 0.24296119809150696, "train/epistemic_confidence": 0.11297527700662613, "train/calibration_metric": -0.04519477114081383, "train/auc": 0.8909979462623596, "test/loss": 1.170852780342102, "test/acc": 0.9444207549095154, "test/brier_score": 0.6676413416862488, "test/aleatoric_confidence": 0.18942971527576447, "test/epistemic_confidence": 0.03598784655332565, "test/aleatoric_AUPRC": 0.8398327231407166, "test/aleatoric_AUROC": 0.8599585890769958, "test/epistemic_AUPRC": 0.8490606546401978, "test/epistemic_AUROC": 0.890554666519165, "test/aleatoric_AUPRC_MacroAvg": 0.4504083842039108, "test/aleatoric_AUROC_MacroAvg": 0.707014799118042, "test/epistemic_AUPRC_MacroAvg": 0.4569631740450859, "test/epistemic_AUROC_MacroAvg": 0.7549552619457245, "test/aleatoric_AUPRC_0": 0.8473844528198242, "test/aleatoric_AUROC_0": 0.8790858387947083, "test/epistemic_AUPRC_0": 0.8569381833076477, "test/epistemic_AUROC_0": 0.9075127243995667, "test/aleatoric_AUPRC_1": 0.053432315587997437, "test/aleatoric_AUROC_1": 0.5349437594413757, "test/epistemic_AUPRC_1": 0.05698816478252411, "test/epistemic_AUROC_1": 0.6023977994918823, "test/calibration_metric": 0.8598516583442688, "test/auc": 0.8813848495483398, "_wandb": {"runtime": 8395}}