{"val/loss": 0.6174612641334534, "val/acc": 0.875226616859436, "val/brier_score": 0.3442172110080719, "val/aleatoric_confidence": 0.3091478645801544, "val/epistemic_confidence": 0.5954580903053284, "val/acc_best": 0.875226616859436, "val/auc": 0.8900109529495239, "val/aleatoric_AUPRC": 0.8486746549606323, "val/aleatoric_AUROC": 0.8740329146385193, "val/epistemic_AUPRC": 0.851219117641449, "val/epistemic_AUROC": 0.8847967386245728, "val/aleatoric_AUPRC_MacroAvg": 0.5110174864530563, "val/aleatoric_AUROC_MacroAvg": 0.750744104385376, "val/epistemic_AUPRC_MacroAvg": 0.5142119079828262, "val/epistemic_AUROC_MacroAvg": 0.776401549577713, "val/aleatoric_AUPRC_0": 0.8658332824707031, "val/aleatoric_AUROC_0": 0.9211817979812622, "val/epistemic_AUPRC_0": 0.8675194382667542, "val/epistemic_AUROC_0": 0.9262501001358032, "val/aleatoric_AUPRC_1": 0.15620169043540955, "val/aleatoric_AUROC_1": 0.5803064107894897, "val/epistemic_AUPRC_1": 0.16090437769889832, "val/epistemic_AUROC_1": 0.6265529990196228, "val/calibration_metric": 0.6511471271514893, "epoch": 19, "trainer/global_step": 2760, "_timestamp": 1706732808.6607027, "_runtime": 6964.271739721298, "_step": 40, "train/loss": 0.5798461437225342, "train/acc": 0.9037184119224548, "train/brier_score": 0.3537213206291199, "train/aleatoric_confidence": 0.2973492443561554, "train/epistemic_confidence": 0.5592108964920044, "train/calibration_metric": 0.1659369170665741, "train/auc": 0.942785382270813, "test/loss": 0.545661985874176, "test/acc": 0.9444207549095154, "test/brier_score": 0.3258425295352936, "test/aleatoric_confidence": 0.3072841763496399, "test/epistemic_confidence": 0.5895344018936157, "test/aleatoric_AUPRC": 0.8462134599685669, "test/aleatoric_AUROC": 0.8803966641426086, "test/epistemic_AUPRC": 0.8491231799125671, "test/epistemic_AUROC": 0.8915700316429138, "test/aleatoric_AUPRC_MacroAvg": 0.4530565906316042, "test/aleatoric_AUROC_MacroAvg": 0.7218637466430664, "test/epistemic_AUPRC_MacroAvg": 0.4557464327663183, "test/epistemic_AUROC_MacroAvg": 0.7529780566692352, "test/aleatoric_AUPRC_0": 0.8549819588661194, "test/aleatoric_AUROC_0": 0.9002228379249573, "test/epistemic_AUPRC_0": 0.8575578331947327, "test/epistemic_AUROC_0": 0.9089023470878601, "test/aleatoric_AUPRC_1": 0.051131222397089005, "test/aleatoric_AUROC_1": 0.5435046553611755, "test/epistemic_AUPRC_1": 0.053935032337903976, "test/epistemic_AUROC_1": 0.5970537662506104, "test/calibration_metric": 0.8668258786201477, "test/auc": 0.9023730158805847, "_wandb": {"runtime": 6963}}