{"val/loss": 0.04492900148034096, "val/acc": 0.982376217842102, "val/brier_score": 0.03154432401061058, "val/aleatoric_confidence": 0.49215567111968994, "val/epistemic_confidence": 0.6543223857879639, "val/acc_best": 0.9832900762557983, "val/auc": 0.9976409673690796, "val/aleatoric_AUPRC": 0.8336555361747742, "val/aleatoric_AUROC": 0.8444535136222839, "val/epistemic_AUPRC": 0.8328918814659119, "val/epistemic_AUROC": 0.853605329990387, "val/aleatoric_AUPRC_MacroAvg": 0.522265836596489, "val/aleatoric_AUROC_MacroAvg": 0.7577127516269684, "val/epistemic_AUPRC_MacroAvg": 0.5052981302142143, "val/epistemic_AUROC_MacroAvg": 0.7685543298721313, "val/aleatoric_AUPRC_0": 0.8447406888008118, "val/aleatoric_AUROC_0": 0.8822310566902161, "val/epistemic_AUPRC_0": 0.8489922285079956, "val/epistemic_AUROC_0": 0.8906469345092773, "val/aleatoric_AUPRC_1": 0.19979098439216614, "val/aleatoric_AUROC_1": 0.6331944465637207, "val/epistemic_AUPRC_1": 0.16160403192043304, "val/epistemic_AUROC_1": 0.6464617252349854, "val/calibration_metric": 0.6661698222160339, "epoch": 19, "trainer/global_step": 2760, "_timestamp": 1706990046.6297815, "_runtime": 6482.828125476837, "_step": 40, "train/loss": 0.015089667402207851, "train/acc": 0.994672417640686, "train/brier_score": 0.013896339572966099, "train/aleatoric_confidence": 0.4946771264076233, "train/epistemic_confidence": 0.6163594126701355, "train/calibration_metric": 0.362056165933609, "train/auc": 0.9996196627616882, "test/loss": 0.09222693741321564, "test/acc": 0.9668789505958557, "test/brier_score": 0.05120871961116791, "test/aleatoric_confidence": 0.48859015107154846, "test/epistemic_confidence": 0.6471220850944519, "test/aleatoric_AUPRC": 0.7990416884422302, "test/aleatoric_AUROC": 0.8133880496025085, "test/epistemic_AUPRC": 0.7980382442474365, "test/epistemic_AUROC": 0.8334946632385254, "test/aleatoric_AUPRC_MacroAvg": 0.43656254559755325, "test/aleatoric_AUROC_MacroAvg": 0.7310625910758972, "test/epistemic_AUPRC_MacroAvg": 0.4278380200266838, "test/epistemic_AUROC_MacroAvg": 0.7065222859382629, "test/aleatoric_AUPRC_0": 0.8007352352142334, "test/aleatoric_AUROC_0": 0.8236836791038513, "test/epistemic_AUPRC_0": 0.8037278056144714, "test/epistemic_AUROC_0": 0.8493738174438477, "test/aleatoric_AUPRC_1": 0.07238985598087311, "test/aleatoric_AUROC_1": 0.6384415030479431, "test/epistemic_AUPRC_1": 0.05194823443889618, "test/epistemic_AUROC_1": 0.5636707544326782, "test/calibration_metric": 0.8109906911849976, "test/auc": 0.9914395213127136, "_wandb": {"runtime": 6482}}