{"val/loss": 0.0459115244448185, "val/acc": 0.9820570945739746, "val/brier_score": 0.03186981379985809, "val/aleatoric_confidence": 0.49217405915260315, "val/epistemic_confidence": 0.8236644268035889, "val/acc_best": 0.9831159710884094, "val/auc": 0.9975001215934753, "val/aleatoric_AUPRC": 0.8317199349403381, "val/aleatoric_AUROC": 0.8470413684844971, "val/epistemic_AUPRC": 0.8392636179924011, "val/epistemic_AUROC": 0.8608169555664062, "val/aleatoric_AUPRC_MacroAvg": 0.49927113950252533, "val/aleatoric_AUROC_MacroAvg": 0.749617874622345, "val/epistemic_AUPRC_MacroAvg": 0.5023574233055115, "val/epistemic_AUROC_MacroAvg": 0.7830902934074402, "val/aleatoric_AUPRC_0": 0.8425533771514893, "val/aleatoric_AUROC_0": 0.8805924654006958, "val/epistemic_AUPRC_0": 0.8494791984558105, "val/epistemic_AUROC_0": 0.8875846862792969, "val/aleatoric_AUPRC_1": 0.1559889018535614, "val/aleatoric_AUROC_1": 0.6186432838439941, "val/epistemic_AUPRC_1": 0.1552356481552124, "val/epistemic_AUROC_1": 0.6785959005355835, "val/calibration_metric": 0.667869508266449, "epoch": 19, "trainer/global_step": 2760, "_timestamp": 1706980171.9625263, "_runtime": 5969.591244220734, "_step": 40, "train/loss": 0.015155607834458351, "train/acc": 0.9947450757026672, "train/brier_score": 0.013928155414760113, "train/aleatoric_confidence": 0.4946509599685669, "train/epistemic_confidence": 0.842258632183075, "train/calibration_metric": 0.43658387660980225, "train/auc": 0.9996091723442078, "test/loss": 0.12303470820188522, "test/acc": 0.9665848016738892, "test/brier_score": 0.05416069179773331, "test/aleatoric_confidence": 0.49030622839927673, "test/epistemic_confidence": 0.8140332698822021, "test/aleatoric_AUPRC": 0.7904824614524841, "test/aleatoric_AUROC": 0.8144840002059937, "test/epistemic_AUPRC": 0.8225803375244141, "test/epistemic_AUROC": 0.8504284620285034, "test/aleatoric_AUPRC_MacroAvg": 0.4314444065093994, "test/aleatoric_AUROC_MacroAvg": 0.7348267436027527, "test/epistemic_AUPRC_MacroAvg": 0.44246814027428627, "test/epistemic_AUROC_MacroAvg": 0.7360825836658478, "test/aleatoric_AUPRC_0": 0.7918041944503784, "test/aleatoric_AUROC_0": 0.8244459629058838, "test/epistemic_AUPRC_0": 0.8285636901855469, "test/epistemic_AUROC_0": 0.8647285103797913, "test/aleatoric_AUPRC_1": 0.07108461856842041, "test/aleatoric_AUROC_1": 0.6452075242996216, "test/epistemic_AUPRC_1": 0.056372590363025665, "test/epistemic_AUROC_1": 0.6074366569519043, "test/calibration_metric": 0.8194937705993652, "test/auc": 0.9895743727684021, "_wandb": {"runtime": 5969}}