{"val/loss": 0.04646490886807442, "val/acc": 0.9817380309104919, "val/brier_score": 0.03578260540962219, "val/aleatoric_confidence": 0.489204466342926, "val/epistemic_confidence": 0.9462170004844666, "val/acc_best": 0.9817380309104919, "val/auc": 0.9973296523094177, "val/aleatoric_AUPRC": 0.8416672945022583, "val/aleatoric_AUROC": 0.8412995934486389, "val/epistemic_AUPRC": 0.8476979732513428, "val/epistemic_AUROC": 0.852714478969574, "val/aleatoric_AUPRC_MacroAvg": 0.5100716724991798, "val/aleatoric_AUROC_MacroAvg": 0.7449264228343964, "val/epistemic_AUPRC_MacroAvg": 0.5088452622294426, "val/epistemic_AUROC_MacroAvg": 0.7598117589950562, "val/aleatoric_AUPRC_0": 0.8566963076591492, "val/aleatoric_AUROC_0": 0.8793449401855469, "val/epistemic_AUPRC_0": 0.8647225499153137, "val/epistemic_AUROC_0": 0.8893896341323853, "val/aleatoric_AUPRC_1": 0.1634470373392105, "val/aleatoric_AUROC_1": 0.6105079054832458, "val/epistemic_AUPRC_1": 0.15296797454357147, "val/epistemic_AUROC_1": 0.630233883857727, "val/calibration_metric": 0.6683569550514221, "epoch": 19, "trainer/global_step": 2760, "_timestamp": 1706845860.0698574, "_runtime": 7978.89679646492, "_step": 40, "train/loss": 0.02107529528439045, "train/acc": 0.9926082491874695, "train/brier_score": 0.019345523789525032, "train/aleatoric_confidence": 0.4919152855873108, "train/epistemic_confidence": 0.9595062136650085, "train/calibration_metric": 0.47258511185646057, "train/auc": 0.9993930459022522, "test/loss": 0.12135668843984604, "test/acc": 0.9654817581176758, "test/brier_score": 0.058778420090675354, "test/aleatoric_confidence": 0.4874344766139984, "test/epistemic_confidence": 0.9407868981361389, "test/aleatoric_AUPRC": 0.8048266172409058, "test/aleatoric_AUROC": 0.8245704174041748, "test/epistemic_AUPRC": 0.8033928871154785, "test/epistemic_AUROC": 0.8356643915176392, "test/aleatoric_AUPRC_MacroAvg": 0.4354631435126066, "test/aleatoric_AUROC_MacroAvg": 0.7307943403720856, "test/epistemic_AUPRC_MacroAvg": 0.429455878213048, "test/epistemic_AUROC_MacroAvg": 0.7158897519111633, "test/aleatoric_AUPRC_0": 0.8088215589523315, "test/aleatoric_AUROC_0": 0.8362981677055359, "test/epistemic_AUPRC_0": 0.8101015686988831, "test/epistemic_AUROC_0": 0.8506433963775635, "test/aleatoric_AUPRC_1": 0.0621047280728817, "test/aleatoric_AUROC_1": 0.6252905130386353, "test/epistemic_AUPRC_1": 0.048810187727212906, "test/epistemic_AUROC_1": 0.5811361074447632, "test/calibration_metric": 0.8171135187149048, "test/auc": 0.9881020188331604, "_wandb": {"runtime": 7978}}