{"val/loss": 1.9391640424728394, "val/acc": 0.875226616859436, "val/brier_score": 0.8735758662223816, "val/aleatoric_confidence": 0.16696032881736755, "val/epistemic_confidence": 0.10533646494150162, "val/acc_best": 0.875226616859436, "val/auc": 0.790042519569397, "val/aleatoric_AUPRC": 0.828052282333374, "val/aleatoric_AUROC": 0.8366342782974243, "val/epistemic_AUPRC": 0.8392777442932129, "val/epistemic_AUROC": 0.8716961145401001, "val/aleatoric_AUPRC_MacroAvg": 0.5147611275315285, "val/aleatoric_AUROC_MacroAvg": 0.7305240631103516, "val/epistemic_AUPRC_MacroAvg": 0.522216685116291, "val/epistemic_AUROC_MacroAvg": 0.7745197117328644, "val/aleatoric_AUPRC_0": 0.8362675309181213, "val/aleatoric_AUROC_0": 0.8779623508453369, "val/epistemic_AUPRC_0": 0.8485555648803711, "val/epistemic_AUROC_0": 0.9095444083213806, "val/aleatoric_AUPRC_1": 0.1932547241449356, "val/aleatoric_AUROC_1": 0.5830857753753662, "val/epistemic_AUPRC_1": 0.195877805352211, "val/epistemic_AUROC_1": 0.6394950151443481, "val/calibration_metric": 0.6407642364501953, "epoch": 19, "trainer/global_step": 2760, "_timestamp": 1706780351.9402719, "_runtime": 6351.792340755463, "_step": 40, "train/loss": 1.2379660606384277, "train/acc": 0.9037184119224548, "train/brier_score": 0.6558113694190979, "train/aleatoric_confidence": 0.20029373466968536, "train/epistemic_confidence": 0.4772021472454071, "train/calibration_metric": 0.0071559264324605465, "train/auc": 0.859442412853241, "test/loss": 1.9386988878250122, "test/acc": 0.9444207549095154, "test/brier_score": 0.8734708428382874, "test/aleatoric_confidence": 0.16695034503936768, "test/epistemic_confidence": 0.10201332718133926, "test/aleatoric_AUPRC": 0.8060746788978577, "test/aleatoric_AUROC": 0.8264410495758057, "test/epistemic_AUPRC": 0.8219461441040039, "test/epistemic_AUROC": 0.8721196055412292, "test/aleatoric_AUPRC_MacroAvg": 0.4387495741248131, "test/aleatoric_AUROC_MacroAvg": 0.698099285364151, "test/epistemic_AUPRC_MacroAvg": 0.44881049543619156, "test/epistemic_AUROC_MacroAvg": 0.7513886392116547, "test/aleatoric_AUPRC_0": 0.8094196915626526, "test/aleatoric_AUROC_0": 0.8424915075302124, "test/epistemic_AUPRC_0": 0.8260219097137451, "test/epistemic_AUROC_0": 0.8872182369232178, "test/aleatoric_AUPRC_1": 0.06807945668697357, "test/aleatoric_AUROC_1": 0.5537070631980896, "test/epistemic_AUPRC_1": 0.071599081158638, "test/epistemic_AUROC_1": 0.6155590415000916, "test/calibration_metric": 0.8316453695297241, "test/auc": 0.7972713708877563, "_wandb": {"runtime": 6351}}