{"val/loss": 1.485303282737732, "val/acc": 0.875226616859436, "val/brier_score": 0.7759953141212463, "val/aleatoric_confidence": 0.17357905209064484, "val/epistemic_confidence": 0.09738384932279587, "val/acc_best": 0.875226616859436, "val/auc": 0.9182515144348145, "val/aleatoric_AUPRC": 0.8784200549125671, "val/aleatoric_AUROC": 0.8697665929794312, "val/epistemic_AUPRC": 0.8847471475601196, "val/epistemic_AUROC": 0.8875574469566345, "val/aleatoric_AUPRC_MacroAvg": 0.5384190604090691, "val/aleatoric_AUROC_MacroAvg": 0.7467623054981232, "val/epistemic_AUPRC_MacroAvg": 0.5452743321657181, "val/epistemic_AUROC_MacroAvg": 0.7706363797187805, "val/aleatoric_AUPRC_0": 0.9007880687713623, "val/aleatoric_AUROC_0": 0.9219251275062561, "val/epistemic_AUPRC_0": 0.9070898294448853, "val/epistemic_AUROC_0": 0.9371362924575806, "val/aleatoric_AUPRC_1": 0.17605005204677582, "val/aleatoric_AUROC_1": 0.5715994834899902, "val/epistemic_AUPRC_1": 0.1834588348865509, "val/epistemic_AUROC_1": 0.6041364669799805, "val/calibration_metric": 0.6588680744171143, "epoch": 19, "trainer/global_step": 2760, "_timestamp": 1706953302.1836889, "_runtime": 6640.679744958878, "_step": 40, "train/loss": 0.6908826231956482, "train/acc": 0.9037184119224548, "train/brier_score": 0.4306945502758026, "train/aleatoric_confidence": 0.254573792219162, "train/epistemic_confidence": 0.45398056507110596, "train/calibration_metric": 0.09169371426105499, "train/auc": 0.9333200454711914, "test/loss": 1.4713302850723267, "test/acc": 0.9444207549095154, "test/brier_score": 0.7731233239173889, "test/aleatoric_confidence": 0.1737395077943802, "test/epistemic_confidence": 0.09891378879547119, "test/aleatoric_AUPRC": 0.8566871881484985, "test/aleatoric_AUROC": 0.8564875721931458, "test/epistemic_AUPRC": 0.8632492423057556, "test/epistemic_AUROC": 0.8749198317527771, "test/aleatoric_AUPRC_MacroAvg": 0.45744048058986664, "test/aleatoric_AUROC_MacroAvg": 0.6884413510560989, "test/epistemic_AUPRC_MacroAvg": 0.464539822191, "test/epistemic_AUROC_MacroAvg": 0.7191693186759949, "test/aleatoric_AUPRC_0": 0.8654279708862305, "test/aleatoric_AUROC_0": 0.8775033354759216, "test/epistemic_AUPRC_0": 0.8717153668403625, "test/epistemic_AUROC_0": 0.8943980932235718, "test/aleatoric_AUPRC_1": 0.04945299029350281, "test/aleatoric_AUROC_1": 0.49937936663627625, "test/epistemic_AUPRC_1": 0.05736427754163742, "test/epistemic_AUROC_1": 0.543940544128418, "test/calibration_metric": 0.8628360033035278, "test/auc": 0.909743070602417, "_wandb": {"runtime": 6640}}