{"val/loss": 0.04330972209572792, "val/acc": 0.9828984141349792, "val/brier_score": 0.03199482336640358, "val/aleatoric_confidence": 0.4914516508579254, "val/epistemic_confidence": 0.9949002861976624, "val/acc_best": 0.9835076332092285, "val/auc": 0.9975869059562683, "val/aleatoric_AUPRC": 0.8050656914710999, "val/aleatoric_AUROC": 0.8206897377967834, "val/epistemic_AUPRC": 0.8467798829078674, "val/epistemic_AUROC": 0.8486184477806091, "val/aleatoric_AUPRC_MacroAvg": 0.4857609122991562, "val/aleatoric_AUROC_MacroAvg": 0.7290758490562439, "val/epistemic_AUPRC_MacroAvg": 0.5106446817517281, "val/epistemic_AUROC_MacroAvg": 0.757906973361969, "val/aleatoric_AUPRC_0": 0.8140450716018677, "val/aleatoric_AUROC_0": 0.8562402725219727, "val/epistemic_AUPRC_0": 0.8618531823158264, "val/epistemic_AUROC_0": 0.8838188052177429, "val/aleatoric_AUPRC_1": 0.1574767529964447, "val/aleatoric_AUROC_1": 0.6019114255905151, "val/epistemic_AUPRC_1": 0.1594361811876297, "val/epistemic_AUROC_1": 0.6319951415061951, "val/calibration_metric": 0.6608688235282898, "epoch": 19, "trainer/global_step": 2760, "_timestamp": 1706987399.3094041, "_runtime": 6341.3865802288055, "_step": 40, "train/loss": 0.01634840853512287, "train/acc": 0.9943526387214661, "train/brier_score": 0.015143965370953083, "train/aleatoric_confidence": 0.4941597878932953, "train/epistemic_confidence": 0.9965587258338928, "train/calibration_metric": 0.4869396984577179, "train/auc": 0.99955153465271, "test/loss": 0.110347680747509, "test/acc": 0.9650552272796631, "test/brier_score": 0.05621010437607765, "test/aleatoric_confidence": 0.48871827125549316, "test/epistemic_confidence": 0.9881818890571594, "test/aleatoric_AUPRC": 0.8144790530204773, "test/aleatoric_AUROC": 0.8150298595428467, "test/epistemic_AUPRC": 0.8440951108932495, "test/epistemic_AUROC": 0.8505034446716309, "test/aleatoric_AUPRC_MacroAvg": 0.44787129387259483, "test/aleatoric_AUROC_MacroAvg": 0.7422008812427521, "test/epistemic_AUPRC_MacroAvg": 0.4561660401523113, "test/epistemic_AUROC_MacroAvg": 0.735424667596817, "test/aleatoric_AUPRC_0": 0.8160912990570068, "test/aleatoric_AUROC_0": 0.824137806892395, "test/epistemic_AUPRC_0": 0.8503724932670593, "test/epistemic_AUROC_0": 0.8648951649665833, "test/aleatoric_AUPRC_1": 0.07965128868818283, "test/aleatoric_AUROC_1": 0.6602639555931091, "test/epistemic_AUPRC_1": 0.061959587037563324, "test/epistemic_AUROC_1": 0.6059541702270508, "test/calibration_metric": 0.8310269117355347, "test/auc": 0.9907112121582031, "_wandb": {"runtime": 6340}}