{"val/loss": 1.3062580823898315, "val/acc": 0.875226616859436, "val/brier_score": 0.70611172914505, "val/aleatoric_confidence": 0.1854078620672226, "val/epistemic_confidence": 0.1675831377506256, "val/acc_best": 0.875226616859436, "val/auc": 0.8388289213180542, "val/aleatoric_AUPRC": 0.8694455027580261, "val/aleatoric_AUROC": 0.8437982797622681, "val/epistemic_AUPRC": 0.8818343877792358, "val/epistemic_AUROC": 0.8791627883911133, "val/aleatoric_AUPRC_MacroAvg": 0.5411083325743675, "val/aleatoric_AUROC_MacroAvg": 0.725543349981308, "val/epistemic_AUPRC_MacroAvg": 0.5518201589584351, "val/epistemic_AUROC_MacroAvg": 0.7660050690174103, "val/aleatoric_AUPRC_0": 0.8858157992362976, "val/aleatoric_AUROC_0": 0.8898196220397949, "val/epistemic_AUPRC_0": 0.8995044231414795, "val/epistemic_AUROC_0": 0.9232001900672913, "val/aleatoric_AUPRC_1": 0.19640086591243744, "val/aleatoric_AUROC_1": 0.561267077922821, "val/epistemic_AUPRC_1": 0.20413589477539062, "val/epistemic_AUROC_1": 0.6088099479675293, "val/calibration_metric": 0.65308678150177, "epoch": 19, "trainer/global_step": 2760, "_timestamp": 1706993461.372446, "_runtime": 6172.564313173294, "_step": 40, "train/loss": 0.9969692826271057, "train/acc": 0.9037184119224548, "train/brier_score": 0.5690118670463562, "train/aleatoric_confidence": 0.2162691205739975, "train/epistemic_confidence": 0.30611154437065125, "train/calibration_metric": -0.015388294123113155, "train/auc": 0.8705600500106812, "test/loss": 1.313535451889038, "test/acc": 0.9444207549095154, "test/brier_score": 0.7083202004432678, "test/aleatoric_confidence": 0.18457548320293427, "test/epistemic_confidence": 0.16043443977832794, "test/aleatoric_AUPRC": 0.8632655739784241, "test/aleatoric_AUROC": 0.8318054676055908, "test/epistemic_AUPRC": 0.8799870014190674, "test/epistemic_AUROC": 0.8773924708366394, "test/aleatoric_AUPRC_MacroAvg": 0.46611759066581726, "test/aleatoric_AUROC_MacroAvg": 0.6876291334629059, "test/epistemic_AUPRC_MacroAvg": 0.4776035100221634, "test/epistemic_AUROC_MacroAvg": 0.7310899496078491, "test/aleatoric_AUPRC_0": 0.8700128793716431, "test/aleatoric_AUROC_0": 0.849835991859436, "test/epistemic_AUPRC_0": 0.887922465801239, "test/epistemic_AUROC_0": 0.8956891298294067, "test/aleatoric_AUPRC_1": 0.062222301959991455, "test/aleatoric_AUROC_1": 0.5254222750663757, "test/epistemic_AUPRC_1": 0.06728455424308777, "test/epistemic_AUROC_1": 0.5664907693862915, "test/calibration_metric": 0.8631126284599304, "test/auc": 0.8578557968139648, "_wandb": {"runtime": 6172}}