{"test/loss": 0.38120248913764954, "test/acc": 0.9444207549095154, "test/brier_score": 0.1833496391773224, "test/aleatoric_confidence": 0.40683549642562866, "test/epistemic_confidence": 0.5895354151725769, "test/aleatoric_AUPRC": 0.8403530716896057, "test/aleatoric_AUROC": 0.8806183338165283, "test/epistemic_AUPRC": 0.842995285987854, "test/epistemic_AUROC": 0.8906292915344238, "test/aleatoric_AUPRC_MacroAvg": 0.45002096332609653, "test/aleatoric_AUROC_MacroAvg": 0.7224806845188141, "test/epistemic_AUPRC_MacroAvg": 0.45267228595912457, "test/epistemic_AUROC_MacroAvg": 0.7544740438461304, "test/aleatoric_AUPRC_0": 0.8488133549690247, "test/aleatoric_AUROC_0": 0.9003949761390686, "test/epistemic_AUPRC_0": 0.8509442806243896, "test/epistemic_AUROC_0": 0.9076567888259888, "test/aleatoric_AUPRC_1": 0.05122857168316841, "test/aleatoric_AUROC_1": 0.5445663928985596, "test/epistemic_AUPRC_1": 0.05440029129385948, "test/epistemic_AUROC_1": 0.601291298866272, "test/calibration_metric": 0.8636490106582642, "test/auc": 0.9027228355407715, "epoch": 19, "trainer/global_step": 0, "_timestamp": 1706908810.9121683, "_runtime": 4975.255944252014, "_step": 0, "_wandb": {"runtime": 4974}}